{
    "resource": "/contact-form",
    "path": "/contact-form",
    "httpMethod": "POST",
    "headers": {
        "Accept": "application/json, text/javascript, */*; q=0.01",
        "Accept-Encoding": "gzip, deflate, br",
        "Accept-Language": "en-US,en;q=0.9,pl;q=0.8",
        "cache-control": "no-cache",
        "CloudFront-Forwarded-Proto": "https",
        "CloudFront-Is-Desktop-Viewer": "true",
        "CloudFront-Is-Mobile-Viewer": "false",
        "CloudFront-Is-SmartTV-Viewer": "false",
        "CloudFront-Is-Tablet-Viewer": "false",
        "CloudFront-Viewer-Country": "PL",
        "content-type": "application/x-www-form-urlencoded; charset=UTF-8",
        "Host": "t1yfamjfs1.execute-api.eu-west-1.amazonaws.com",
        "origin": "http://localhost:3000",
        "pragma": "no-cache",
        "Referer": "http://localhost:3000/",
        "sec-fetch-mode": "cors",
        "sec-fetch-site": "cross-site",
        "User-Agent": "Mozilla/5.0 (X11; Linux x86_64) AppleWebKit/537.36 (KHTML, like Gecko) Chrome/76.0.3809.100 Safari/537.36",
        "Via": "2.0 960a66a5b9d832814160983d391e997c.cloudfront.net (CloudFront)",
        "X-Amz-Cf-Id": "aqMRwvMUfjy7RluhYSQVumGhZv4dvOY-EYq2S7A42Gpe5zAoMwFvrw==",
        "X-Amzn-Trace-Id": "Root=1-5d638daa-2bcacb81e60117011272f590",
        "X-Forwarded-For": "83.14.46.94, 70.132.4.160",
        "X-Forwarded-Port": "443",
        "X-Forwarded-Proto": "https"
    },
    "multiValueHeaders": {
        "Accept": [
            "application/json, text/javascript, */*; q=0.01"
        ],
        "Accept-Encoding": [
            "gzip, deflate, br"
        ],
        "Accept-Language": [
            "en-US,en;q=0.9,pl;q=0.8"
        ],
        "cache-control": [
            "no-cache"
        ],
        "CloudFront-Forwarded-Proto": [
            "https"
        ],
        "CloudFront-Is-Desktop-Viewer": [
            "true"
        ],
        "CloudFront-Is-Mobile-Viewer": [
            "false"
        ],
        "CloudFront-Is-SmartTV-Viewer": [
            "false"
        ],
        "CloudFront-Is-Tablet-Viewer": [
            "false"
        ],
        "CloudFront-Viewer-Country": [
            "PL"
        ],
        "content-type": [
            "application/x-www-form-urlencoded; charset=UTF-8"
        ],
        "Host": [
            "t1yfamjfs1.execute-api.eu-west-1.amazonaws.com"
        ],
        "origin": [
            "http://localhost:3000"
        ],
        "pragma": [
            "no-cache"
        ],
        "Referer": [
            "http://localhost:3000/"
        ],
        "sec-fetch-mode": [
            "cors"
        ],
        "sec-fetch-site": [
            "cross-site"
        ],
        "User-Agent": [
            "Mozilla/5.0 (X11; Linux x86_64) AppleWebKit/537.36 (KHTML, like Gecko) Chrome/76.0.3809.100 Safari/537.36"
        ],
        "Via": [
            "2.0 960a66a5b9d832814160983d391e997c.cloudfront.net (CloudFront)"
        ],
        "X-Amz-Cf-Id": [
            "aqMRwvMUfjy7RluhYSQVumGhZv4dvOY-EYq2S7A42Gpe5zAoMwFvrw=="
        ],
        "X-Amzn-Trace-Id": [
            "Root=1-5d638daa-2bcacb81e60117011272f590"
        ],
        "X-Forwarded-For": [
            "83.14.46.94, 70.132.4.160"
        ],
        "X-Forwarded-Port": [
            "443"
        ],
        "X-Forwarded-Proto": [
            "https"
        ]
    },
    "queryStringParameters": null,
    "multiValueQueryStringParameters": null,
    "pathParameters": null,
    "stageVariables": null,
    "requestContext": {
        "resourceId": "8z9o1b",
        "resourcePath": "/contact-form",
        "httpMethod": "POST",
        "extendedRequestId": "fBMSqFsyDoEFTGA=",
        "requestTime": "26/Aug/2019:07:43:38 +0000",
        "path": "/test/contact-form",
        "accountId": "521314655487",
        "protocol": "HTTP/1.1",
        "stage": "test",
        "domainPrefix": "t1yfamjfs1",
        "requestTimeEpoch": 1566805418642,
        "requestId": "379ba803-c7d5-11e9-b4de-dfda546484f5",
        "identity": {
            "cognitoIdentityPoolId": null,
            "accountId": null,
            "cognitoIdentityId": null,
            "caller": null,
            "sourceIp": "83.14.46.94",
            "principalOrgId": null,
            "accessKey": null,
            "cognitoAuthenticationType": null,
            "cognitoAuthenticationProvider": null,
            "userArn": null,
            "userAgent": "Mozilla/5.0 (X11; Linux x86_64) AppleWebKit/537.36 (KHTML, like Gecko) Chrome/76.0.3809.100 Safari/537.36",
            "user": null
        },
        "domainName": "t1yfamjfs1.execute-api.eu-west-1.amazonaws.com",
        "apiId": "t1yfamjfs1"
    },
    "body": "{\"name\":\"Grzegorz\",\"phone\":\"+48607629205\",\"email\":\"mail@mail.com\",\"message\":\"qwerty\"}",
    "isBase64Encoded": false
}